PlayerId,Playername,Position,Assists,weighted_assist
8470595,"Eric Staal",C,29,12.540540014977296
8470612,"Ryan Getzlaf",C,34,12.375721632240614
8471675,"Sidney Crosby",C,34,12.060309986002226
8466138,"Joe Thornton",C,35,11.72409495218154
8475168,"Matt Duchene",C,28,11.125662011958813
8471735,"Keith Yandle",D,27,10.850643736238041
8475794,"Tyler Seguin",C,33,10.731440676073284
8476455,"Gabriel Landeskog",L,28,10.46126924177698
8470201,"Jiri Hudler",C,23,10.248082911668758
8475166,"John Tavares",C,25,10.142815512862937
8471685,"Anze Kopitar",C,24,10.09734944819593
8470598,"Thomas Vanek",L,26,10.01850340538113
8471218,"Blake Wheeler",R,25,9.896594740049192
8474613,"Derek Stepan",C,23,9.474584488345656
8470794,"Joe Pavelski",C,26,9.351647866332469
8473412,"Bryan Little",C,24,9.305523780447963
8469544,"Patrick Sharp",L,26,9.278160527843989
8475149,"Marcus Johansson",C,27,9.259290074953496
8473604,"Jonathan Toews",C,25,8.909402682003448
8474565,"Alex Pietrangelo",D,22,8.894275488331
8471215,"Evgeni Malkin",C,34,8.810817158887374
8474056,"P.K. Subban",D,19,8.719462273662591
8470852,"Matt Moulson",L,18,8.65054510850487
8473548,"Phil Kessel",R,29,8.647801288380757
8474161,"Jakub Voracek",R,22,8.64046056428809
8471707,"James Neal",L,20,8.542218490548791
8475167,"Victor Hedman",D,25,8.430553794270168
8470543,"Chris Kunitz",L,17,8.349293322178553
8474586,"Jordan Eberle",R,22,8.30826881449621
8469459,"Mikko Koivu",C,28,8.181356826384125
8471273,"Brandon Dubinsky",C,22,8.17615688888479
8466139,"Patrick Marleau",L,23,7.976633172697278
8467370,"Mike Fisher",C,16,7.940388615871939
8474102,"David Perron",L,19,7.937444357223298
8476292,"Ondrej Palat",L,26,7.9232502151477515
8468486,"Scott Hartnell",L,19,7.902131340969116
8473563,"Nicklas Backstrom",C,24,7.767583662431763
8468083,"Henrik Zetterberg",L,20,7.679378128916211
8475169,"Evander Kane",L,19,7.636646166633411
8467496,"Andrei Markov",D,20,7.577924192659291
8467330,"David Legwand",C,22,7.375944935032135
8469506,"Jason Pominville",R,17,7.3313934191324375
8473512,"Claude Giroux",C,26,7.32408460081614
8474141,"Patrick Kane",R,24,7.236889361839902
8467876,"Henrik Sedin",C,19,7.1963936568116935
8475791,"Taylor Hall",L,25,7.186979218784308
8470610,"Zach Parise",L,16,7.1556749130682835
8469638,"Jussi Jokinen",L,21,7.113836208513688
8471669,"Paul Stastny",C,24,7.0768025546032955
8471284,"Andrej Sekera",D,16,7.069543475910733
8470144,"Frans Nielsen",C,23,7.046361231914718
8471217,"Andrew Ladd",L,17,6.962620967971297
8475692,"Mats Zuccarello",L,27,6.939301389969451
8469455,"Jason Spezza",C,26,6.93014919775002
8474068,"Kyle Turris",C,22,6.912281632933181
8471476,"Daniel Winnik",C,19,6.907199032517158
8471242,"Mike Green",D,20,6.86620647936442
8475098,"Tyler Bozak",C,19,6.814780453671181
8476438,"Brandon Saad",L,20,6.783803422089112
8474573,"Josh Bailey",L,21,6.698022703533044
8448208,"Jaromir Jagr",R,21,6.688053639952231
8474594,"Slava Voynov",D,19,6.681716523148489
8469623,"Marek Zidlicky",D,14,6.661752689935243
8470621,"Corey Perry",R,27,6.6579699252451015
8469466,"Ales Hemsky",R,14,6.644957742292727
8473994,"Jamie Benn",L,23,6.640509248926372
8471276,"David Krejci",C,24,6.62131763733805
8460542,"Patrik Elias",C,18,6.608918756814271
8474037,"James van Riemsdyk",L,18,6.60792883817739
8470834,"Dustin Byfuglien",R,17,6.6045852721415885
8470667,"Clarke MacArthur",L,22,6.587870154219026
8473473,"Milan Lucic",L,21,6.5778187783616255
8473544,"Derick Brassard",C,15,6.569252359691414
8468309,"Mark Streit",D,17,6.518462355948008
8467407,"Brian Gionta",R,16,6.454566937799631
8467389,"Brad Richards",C,22,6.441709422514087
8476454,"Ryan Nugent-Hopkins",C,22,6.438588988697897
8466251,"Jason Chimera",L,18,6.429329299595336
8474578,"Erik Karlsson",D,26,6.40520154286335
8471233,"Travis Zajac",C,16,6.401617503773717
8462038,"Shane Doan",R,16,6.39252511313684
8474590,"John Carlson",D,13,6.387919026069447
8474570,"Cody Hodgson",C,18,6.376376399834351
8475172,"Nazem Kadri",C,19,6.370508151242187
8471309,"Johan Franzen",R,19,6.33815666247454
8470222,"James Wisniewski",D,19,6.32157440606844
8470274,"Chris Higgins",L,16,6.2836987712365415
8467875,"Daniel Sedin",L,19,6.279513590730565
8470047,"Valtteri Filppula",C,19,6.27526564029033
8471262,"Carl Soderberg",C,23,6.227989549340186
8466378,"Martin St. Louis",R,23,6.198585617665364
8471698,"T.J. Oshie",R,26,6.198170586424151
8474190,"Wayne Simmonds",R,18,6.150619770706145
8477492,"Nathan MacKinnon",C,21,6.132909137291365
8459670,"Kimmo Timonen",D,15,6.032618454426761
8471274,"Alex Goligoski",D,19,6.016591487593423
8471214,"Alex Ovechkin",R,16,6.004776548439606
8471976,"David Desharnais",C,21,6.001418834250952
8475191,"Reilly Smith",R,19,5.988641582290368
8473962,"Teddy Purcell",R,20,5.934466289365631
8477059,"Damien Brunner",R,12,5.823439285465816
8470104,"Tom Gilbert",D,13,5.7353281787956245
8470638,"Patrice Bergeron",C,18,5.698853783651261
8471887,"Patric Hornqvist",R,20,5.63115681205005
8471514,"Rich Peverley",C,15,5.62698956189934
8468505,"Steve Ott",C,13,5.620437913439693
8466285,"Brian Campbell",D,17,5.584311949186142
8470281,"Duncan Keith",D,18,5.543624903891524
8475784,"Jeff Skinner",L,16,5.518128682612944
8466140,"Olli Jokinen",C,19,5.50584077759844
8467371,"Mike Ribeiro",C,15,5.473924742777491
8470740,"Lee Stempniak",R,15,5.461544691557015
8474571,"Mikkel Boedker",L,16,5.405556986754706
8474673,"TJ Brodie",D,11,5.403015142934527
8473564,"Michael Frolik",R,16,5.386219025091086
8471362,"Mikhail Grabovski",C,15,5.326326376933874
8470604,"Jeff Carter",C,14,5.302098748992558
8471226,"Drew Stafford",R,13,5.29812316637643
8467096,"Dan Boyle",D,12,5.295080865982294
8470105,"Scottie Upshall",L,16,5.240704861584953
8475768,"Jaden Schwartz",L,18,5.214727796653134
8470039,"Tomas Fleischmann",L,14,5.206156116936902
8474053,"Logan Couture",C,18,5.193131496115825
8475793,"Ryan Johansen",C,18,5.193127756175288
8476878,"Zemgus Girgensons",C,10,5.145751190648651
8470617,"Mike Richards",C,16,5.144607388445906
8474157,"Max Pacioretty",L,15,5.143566515324208
8470120,"Alexander Semin",R,13,5.142568416701904
8474600,"Roman Josi",D,16,5.140171753626167
8473449,"Kyle Okposo",R,22,5.127207993189395
8475171,"Oliver Ekman-Larsson",D,12,5.099145614517562
8470611,"Eric Fehr",R,12,5.098106306736119
8475798,"Mikael Granlund",C,16,5.076879799975316
8469465,"Dan Hamhuis",D,13,5.065373972442936
8475772,"Riley Sheahan",C,13,5.001694215118201
8474040,"Sam Gagner",C,15,4.96417247847379
8475760,"Nick Bjugstad",C,14,4.953191942346746
8468208,"Joel Ward",R,9,4.947215235824596
8468064,"Martin Erat",R,14,4.928143679368251
8462042,"Jarome Iginla",R,18,4.9206684854471066
8476854,"Hampus Lindholm",D,14,4.909205720438276
8458537,"Ray Whitney",L,14,4.88140994082044
8468509,"Niklas Kronwall",D,13,4.858096384018356
8471676,"Bobby Ryan",R,15,4.858023388101973
8476460,"Mark Scheifele",C,9,4.7771981676427
8476851,"Alex Galchenyuk",C,13,4.761698068104636
8464989,"Matt Cullen",C,19,4.761138646084012
8470151,"Jay Bouwmeester",D,14,4.755223023829625
8471664,"Mason Raymond",L,16,4.700869625269106
8475323,"Marcus Kruger",C,14,4.680144959031466
8470257,"Alexander Steen",L,16,4.677677968386467
8471703,"Steve Downie",R,12,4.6775120220825865
8474034,"Patrick Maroon",L,13,4.648843079008442
8469485,"Derek Roy",C,16,4.643333406273954
8474162,"Jake Muzzin",D,9,4.623211937940646
8470162,"Matt Stajan",C,17,4.601438750002969
8474563,"Drew Doughty",D,18,4.585482921282581
8473533,"Jordan Staal",C,18,4.5777453641348025
8468508,"Justin Williams",R,10,4.5621243732321854
8471742,"Cody Franson",D,13,4.530887013234062
8465951,"Matt Cooke",L,13,4.4971145523299105
8473914,"Mark Letestu",C,18,4.483098230079175
8474520,"Jason Garrison",D,18,4.426951267897016
8475197,"Tyson Barrie",D,9,4.42643321477897
8475726,"Tyler Toffoli",C,8,4.411359013194928
8471208,"Dustin Penner",R,11,4.4102808221251655
8475158,"Ryan O'Reilly",C,16,4.38289496669194
8470640,"Matthew Carle",D,11,4.372593052482001
8475193,"Tomas Tatar",L,12,4.363962286375873
8469622,"Ryane Clowe",L,14,4.334582001865587
8475225,"Craig Smith",C,15,4.332249486696191
8475765,"Vladimir Tarasenko",R,15,4.32894351940411
8469759,"Vernon Fiddler",C,10,4.286795236276282
8474716,"Jared Spurgeon",D,13,4.270666348710184
8460621,"Daniel Alfredsson",R,15,4.22075551411808
8473419,"Brad Marchand",L,17,4.219681616345159
8474870,"Tyler Johnson",C,13,4.2178705101783684
8464975,"Daniel Briere",C,9,4.21234009215126
8469555,"Christian Ehrhoff",D,9,4.176176619278205
8474151,"Ryan McDonagh",D,10,4.1744162986388
8470599,"Milan Michalek",L,10,4.171037498031731
8469500,"Mike Cammalleri",L,12,4.144368614194288
8477290,"Michael Raffl",L,11,4.144023521321398
8471761,"Chris Butler",D,9,4.141325211937073
8470600,"Ryan Suter",D,11,4.134558621212767
8475199,"Eric Gelinas",D,13,4.112520539092669
8474009,"Nick Bonino",C,14,4.101046920374956
8466148,"Marian Hossa",R,17,4.090592379333672
8475799,"Nino Niederreiter",R,12,4.078558691315161
8475764,"Cam Fowler",D,12,3.987182122223796
8474096,"Nick Spaling",C,14,3.9676131247540636
8471339,"Ryan Callahan",R,12,3.9665392076050567
8473584,"Andrew MacDonald",D,9,3.957320421852489
8468535,"Antoine Vermette",C,12,3.947248926478806
8476195,"Cory Conacher",C,10,3.9424353104047536
8476806,"J.T. Brown",R,10,3.8521642603384043
8470602,"Dion Phaneuf",D,10,3.8255040366591975
8471682,"Devin Setoguchi",R,10,3.809317470458405
8474031,"Kevin Shattenkirk",D,12,3.8045064415155654
8474066,"Thomas Hickey",D,8,3.792990595132831
8469469,"R.J. Umberger",C,12,3.792461176152929
8475268,"Gabriel Bourque",L,11,3.7905844387177026
8474569,"Colin Wilson",C,13,3.7784916423932744
8475184,"Chris Kreider",L,12,3.7729627259399927
8475178,"Zack Kassian",R,10,3.740103329058139
8477493,"Aleksander Barkov",C,12,3.731469074291797
8474679,"Gustav Nyquist",R,11,3.7227967751175397
8474589,"Tyler Ennis",C,12,3.7197037779081414
8474001,"TJ Galiardi",L,9,3.7076913456454665
8471709,"Marc-Edouard Vlasic",D,9,3.702283838374557
8476874,"Olli Maatta",D,12,3.7014987281943688
8468482,"Dany Heatley",L,12,3.6819309385857233
8475462,"Radko Gudas",D,8,3.6280470113760157
8471716,"Justin Abdelkader",L,12,3.6230186444002377
8474602,"Justin Schultz",D,12,3.6220706926009782
8470750,"John Mitchell",C,12,3.5988347908609875
8465009,"Zdeno Chara",D,13,3.5913531074028198
8476459,"Mika Zibanejad",C,13,3.5804431165420896
8477501,"Valeri Nichushkin",R,12,3.5782390450888166
8470378,"Andre Benoit",D,11,3.574558095351648
8470176,"Sean Bergenheim",L,10,3.559053962510471
8471346,"Kris Versteeg",L,12,3.550396209393336
8470655,"David Backes",C,16,3.5391917907965147
8466393,"Pascal Dupuis",R,11,3.536645911027671
8473618,"Mathieu Perreault",C,13,3.52842924762733
8474564,"Steven Stamkos",C,10,3.519146353880663
8470187,"Johnny Boychuk",D,11,3.4867877740376496
8474062,"Riley Nash",C,7,3.4684910262032584
8470171,"Maxime Talbot",C,10,3.4669134784563806
8473482,"Jiri Tlusty",L,10,3.4659502889338034
8471743,"Vladimir Sobotka",L,13,3.448757714291096
8473446,"Erik Johnson",D,15,3.430167915975062
8467423,"Shawn Horcoff",C,11,3.4290606705951086
8470207,"Joffrey Lupul",L,13,3.392410575399559
8470966,"Mark Giordano",D,14,3.39122835882371
8474581,"Jake Gardiner",D,9,3.3906575924799847
8471691,"Martin Hanzal",C,17,3.3835693037358445
8470613,"Brent Burns",D,11,3.376294394233766
8477215,"Danny DeKeyser",D,6,3.3555969787605453
8474090,"Brendan Smith",D,7,3.3099881808866534
8474091,"Brandon Sutter",C,8,3.2991312987911816
8476461,"Sean Couturier",C,16,3.2791436921664388
8477496,"Elias Lindholm",C,5,3.2715151904785262
8471702,"Matt Niskanen",D,10,3.2619586861650434
8475745,"Charlie Coyle",C,9,3.250265790213729
8470596,"Nathan Horton",R,8,3.247098946115641
8474612,"Travis Hamonic",D,7,3.233435913953233
8471236,"Andrej Meszaros",D,7,3.226640431222755
8474574,"Tyler Myers",D,6,3.2169548060078417
8471769,"Niklas Hjalmarsson",D,8,3.191830615695866
8474584,"Michael Del Zotto",D,10,3.164237911174015
8470607,"Brent Seabrook",D,16,3.1275094676521924
8476062,"Mark Arcobello",C,7,3.1041046032874746
8473492,"Matt Beleskey",L,9,3.1038346444065703
8470642,"Shea Weber",D,10,3.087616149339098
8468526,"Jarret Stoll",C,14,3.075035242591841
8471678,"Benoit Pouliot",L,7,3.0695928243617727
8468483,"Marian Gaborik",R,10,3.064188031950021
8470041,"Rick Nash",L,10,3.0638045927755275
8471311,"Tyler Kennedy",R,9,3.057516089563992
8475170,"Brayden Schenn",C,11,3.056811021217852
8468575,"Dominic Moore",C,8,3.0525804231462823
8471677,"Jack Johnson",D,9,3.0315160511185515
8470828,"Toby Enstrom",D,7,3.0231676314972216
8475163,"Alex Chiasson",R,11,2.987349543922788
8467514,"Pavel Datsyuk",C,11,2.97931964609023
8472382,"Andy Greene",D,7,2.9779726893130634
8474038,"Paul Byron",C,9,2.930379919961272
8474641,"Adam Henrique",C,8,2.9291076158512395
8473970,"Rob Klinkhammer",L,6,2.928118837203481
8473546,"Michael Grabner",R,10,2.9234704229649306
8470302,"Patrick Dwyer",R,8,2.9196773165152097
8476855,"Nail Yakupov",R,9,2.91174289332672
8473986,"Alex Killorn",C,9,2.9011816734769305
8474681,"Andrei Loktionov",C,12,2.8980983143899732
8473422,"Nick Foligno",L,12,2.88902251306012
8476458,"Ryan Strome",C,5,2.8798338141711293
8475176,"Ryan Ellis",D,8,2.8784305261365946
8471232,"Lauri Korpikoski",L,9,2.8094070205007684
8471862,"Colin Greening",L,7,2.807332577716217
8476381,"Andrew Shaw",C,8,2.7978279951206373
8473465,"Jamie McGinn",L,10,2.773636071090493
8474218,"Jason Demers",D,14,2.770150201830227
8474176,"Carl Hagelin",L,7,2.768197261863527
8476456,"Jonathan Huberdeau",L,8,2.7538034672974123
8476177,"Matt Read",R,9,2.7465968700527648
8469598,"Kevin Bieksa",D,8,2.7454256604511182
8473485,"Chris Stewart",R,9,2.741002478019318
8475222,"Sami Vatanen",D,9,2.7341041768881977
8470644,"Colin McDonald",R,6,2.718394304167932
8475177,"Calvin de Haan",D,7,2.7080360976862625
8473536,"James Sheppard",L,9,2.6925253921446686
8470760,"Marc Methot",D,7,2.691590565299283
8467396,"Erik Cole",L,7,2.667148427688452
8470755,"Brad Richardson",R,9,2.6607579735402687
8476432,"Boone Jenner",C,8,2.6587405783490703
8475236,"Cody Eakin",C,9,2.654069058578903
8476885,"Jacob Trouba",D,9,2.645951128665906
8476465,"Ryan Murphy",D,7,2.644694468886464
8468085,"Radim Vrbata",R,14,2.640512184330005
8474625,"Jimmy Hayes",R,5,2.639380739036169
8473573,"Artem Anisimov",C,8,2.6221125719287093
8474150,"Mikael Backlund",C,9,2.617516572219654
8474739,"Tommy Wingels",C,10,2.5991569816690565
8471498,"Jannik Hansen",R,5,2.5950490622650375
8474577,"Joe Colborne",C,9,2.5761108305094957
8474618,"Marco Scandella",D,5,2.568304682483684
8470159,"Boyd Gordon",C,7,2.5631885628867
8466160,"Brenden Morrow",L,8,2.5323291343180045
8470110,"Trevor Daley",D,8,2.5204622367370133
8466142,"Eric Brewer",D,6,2.49916936297969
8470626,"Loui Eriksson",R,11,2.4942052943692885
8474605,"Patrick Wiercioch",D,10,2.4757531494569003
8467329,"Vincent Lecavalier",C,12,2.4746393787413217
8469462,"Tuomo Ruutu",L,6,2.4724867847396843
8469521,"Tomas Plekanec",C,13,2.451755815947249
8475231,"Casey Cizikas",C,7,2.4405750053935638
8470920,"David Clarkson",R,5,2.436235483442853
8470803,"Kyle Brodziak",C,7,2.432507076510534
8473933,"Ben Lovejoy",D,7,2.42494155767324
8474551,"Ville Leino",L,7,2.423516370099481
8475164,"Jakob Silfverberg",R,9,2.423098761923326
8477495,"Seth Jones",D,6,2.4172004133202103
8476850,"Ryan Murray",D,8,2.414477999505031
8473507,"Jeff Petry",D,5,2.41196019314021
8464966,"Derek Morris",D,5,2.4104431205529746
8476462,"Dougie Hamilton",D,6,2.4038043261850506
8474668,"Dale Weise",R,5,2.3818248160738023
8476792,"Torey Krug",D,10,2.3765354533392133
8470324,"Josh Gorges",D,8,2.373326583024421
8467463,"Mikael Samuelsson",R,2,2.3644469870327995
8474715,"Cam Atkinson",R,13,2.363043003259283
8460496,"Ryan Smyth",L,6,2.356340621122216
8469992,"Sheldon Brookbank",D,5,2.3311313435156773
8475186,"John Moore",D,5,2.3285532121883796
8475753,"Justin Faulk",D,8,2.3249927453841686
8475181,"Nick Leddy",D,10,2.3227812744947154
8474628,"Michael Stone",D,8,2.320745603898323
8470085,"Paul Ranger",D,6,2.3205866479661417
8474567,"Zach Bogosian",D,5,2.3187701207284435
8476442,"Matt Nieto",L,8,2.311807541018075
8470606,"Dustin Brown",R,6,2.301615716360951
8467899,"Martin Havlat",L,7,2.293650057722077
8474727,"Ben Smith",R,7,2.2884619162294157
8470877,"David Jones",R,6,2.2814246893099925
8471804,"Nathan Gerbe",L,7,2.28138408668633
8469665,"Johnny Oduya",D,5,2.262030483516983
8476244,"Raphael Diaz",D,10,2.2538630276860223
8471231,"Kyle Chipchura",C,8,2.240569685373356
8469664,"David Moss",R,6,2.2128809514080885
8473579,"Nikolay Kulemin",L,6,2.170675773341883
8474189,"Lars Eller",C,8,2.1438696660326486
8471390,"Mike Santorelli",C,9,2.1336495271617357
8466158,"Scott Hannan",D,4,2.08806020435165
8476430,"Tomas Jurco",R,4,2.0726081812970976
8471348,"Nikita Nikitin",D,8,2.070301462577334
8473673,"David Schlemko",D,4,2.0556140050670293
8469492,"Fedor Tyutin",D,6,2.0287564986151625
8470619,"Brian Boyle",C,6,2.022482870531056
8471504,"Rene Bourque",R,5,2.0059506782443544
8469473,"Marcel Goc",C,4,2.0030838277069583
8475220,"Marcus Foligno",L,6,1.987396075039251
8474498,"Jesse Winchester",C,9,1.9856214283576334
8476880,"Tom Wilson",R,4,1.9481707018940166
8469707,"Pierre-Alexandre Parenteau",R,10,1.9434175594055585
8474642,"Lance Bouma",C,6,1.9404210458148317
8471266,"David Booth",L,6,1.9246115324301223
8458951,"Sergei Gonchar",D,8,1.9046277406251315
8457981,"Teemu Selanne",R,10,1.9029831290288324
8468635,"Travis Moen",L,5,1.9001887144871858
8474849,"Antoine Roussel",L,8,1.8899617519493421
8470778,"Drew Miller",L,6,1.8850549995299668
8476235,"Justin Fontaine",R,5,1.883554945338801
8469760,"Zbynek Michalek",D,5,1.8801656054610159
8471686,"Marc Staal",D,5,1.8648870024715736
8471958,"Dan Girardi",D,6,1.8470897474715227
8467400,"Francois Beauchemin",D,5,1.8399129617899144
8471260,"Blake Comeau",L,6,1.8376354689412548
8475151,"Kyle Palmieri",R,6,1.8324400626660071
8468700,"Paul Gaustad",C,7,1.8122976749202948
8471426,"Troy Brouwer",R,7,1.7912439907625237
8471185,"Curtis Glencross",L,4,1.786389818841583
8471693,"Jakub Kindl",D,6,1.7732559519483484
8476879,"Cody Ceci",D,4,1.7629478712263085
8474685,"Matt Calvert",L,9,1.7569586781598125
8477497,"Sean Monahan",C,6,1.749866267074127
8470358,"Alexandre Burrows",R,6,1.7434635803943008
8476162,"Steve Oleksy",D,5,1.7389667987793316
8476207,"Brian Gibbons",C,7,1.7337634972597125
8475179,"Dmitry Kulikov",D,5,1.7314650082495502
8466215,"Joe Corvo",D,4,1.722308595748459
8474125,"Carl Gunnarsson",D,5,1.7186512841469075
8474207,"Nick Holden",D,5,1.7136215955308
8473574,"Shawn Matthias",C,4,1.707038290478292
8473537,"Viktor Stalberg",L,7,1.7022540868629954
8469639,"Brooks Laich",C,5,1.6994631240829752
8464977,"Dainius Zubrus",L,5,1.6983139496562765
8467967,"Chris Kelly",C,6,1.695727492565005
8470609,"Steve Bernier",R,4,1.693109033480003
8469508,"Jay McClement",C,5,1.6897463384468798
8459442,"Saku Koivu",C,8,1.6705988244419692
8467545,"Michael Ryder",R,5,1.661691443486598
8475790,"Erik Gudbranson",D,3,1.6477432788355122
8476822,"Luke Glendening",C,6,1.6404237318092343
8475204,"Brandon Pirri",C,4,1.6392509312444048
8466333,"Andrew Ference",D,4,1.6250353240482236
8471303,"Alexander Edler",D,5,1.6176814736540799
8471724,"Kris Letang",D,6,1.615791086054829
8471254,"Bryan Bickell",L,4,1.6091150359773456
8465202,"Sami Salo",D,6,1.608005150918107
8475727,"Ryan Spooner",C,4,1.5991342059830662
8471842,"Tim Kennedy",L,4,1.592524930266918
8470616,"Ryan Kesler",C,8,1.5900480986119434
8471816,"Mark Fayne",D,3,1.5896726089471847
8470230,"Daniel Paille",L,6,1.5858518307660547
8476453,"Nikita Kucherov",R,7,1.5846556531029874
8471283,"Brandon Prust",L,5,1.584606845718982
8474250,"Zack Smith",C,4,1.5824267025400023
8470854,"Tanner Glass",L,5,1.581615390518707
8475598,"Ryan Stanton",D,5,1.57923185714525
8476881,"Tomas Hertl",C,5,1.5777238654374481
8471338,"Torrey Mitchell",C,5,1.5708485860228425
8470724,"Kyle Quincey",D,4,1.5674283243903508
8476853,"Morgan Rielly",D,8,1.5558471865512011
8467334,"Manny Malhotra",C,4,1.5557107949398032
8468501,"Anton Volchenkov",D,6,1.5507795144782262
8473588,"Erik Condra",R,6,1.5421768314892779
8464956,"Chris Phillips",D,6,1.5408793240356393
8474818,"Jordie Benn",D,5,1.531302507646512
8467890,"Barret Jackman",D,5,1.516631491400052
8475750,"Jon Merrill",D,5,1.514354583662279
8470054,"Keith Ballard",D,4,1.5042831865331125
8467493,"Chris Neil",R,4,1.500920651064575
8462129,"Michal Handzus",C,5,1.4975721533604807
8474709,"Matt Martin",L,5,1.4930476646388557
8475625,"Matt Irwin",D,9,1.4829952460099736
8474497,"Michael Kostka",D,4,1.4766859989170857
8470614,"Mark Stuart",D,4,1.4684672460849102
8471657,"Cody McLeod",L,4,1.4655537592961303
8475848,"Brendan Gallagher",R,9,1.4607971959591421
8474094,"Matt Halischuk",R,4,1.4577086002402164
8474137,"Drayson Bowman",L,3,1.4500389924400814
8468001,"Derek MacKenzie",C,5,1.4387052326491603
8462196,"Stephane Robidas",D,2,1.4273269977929925
8469619,"Dennis Seidenberg",D,5,1.4242048953538948
8474659,"Matt Donovan",D,4,1.4225398730392302
8474749,"Matt Bartkowski",D,7,1.413922127010198
8469531,"Jay Harrison",D,4,1.3997826883411522
8475246,"Kevin Connauton",D,2,1.398883065779675
8474168,"Joakim Andersson",C,5,1.3932471584232
8476423,"Reid Boucher",R,4,1.3913638771902304
8475455,"Brenden Dillon",D,5,1.3871660103192711
8475209,"Richard Panik",R,4,1.3788443633357694
8474100,"Dwight King",L,6,1.3760696414874896
8467344,"Robyn Regehr",D,5,1.3693090592540298
8476116,"Ryan Garbutt",L,9,1.367461036250753
8473658,"Victor Bartley",D,3,1.3348247659835264
8473571,"Jamie McBain",D,4,1.3259841522038909
8474192,"Matt Frattin",R,4,1.3232740050681433
8471873,"Anton Stralman",D,4,1.3196857944313463
8468518,"Tomas Kopecky",R,6,1.3071706206737286
8475739,"Michael Bournival",L,5,1.304405661650264
8471699,"Andrew Cogliano",C,11,1.3015246873568955
8475650,"Brandon Bollig",L,6,1.296304956838637
8471392,"Roman Polak",D,3,1.292742790434977
8467351,"Scott Gomez",C,4,1.290494929124561
8471794,"Darren Helm",C,4,1.289915564449216
8474027,"Justin Braun",D,5,1.272398875889713
8467931,"Matt Carkner",D,3,1.1959541251413306
8473534,"Patrik Berglund",C,5,1.1830862080329607
8470169,"Gregory Campbell",C,8,1.1797400380013374
8470775,"Nate Thompson",C,4,1.1550190941504008
8465058,"Michal Rozsival",D,3,1.1499232346526376
8476466,"Sven Baertschi",L,4,1.141092589038839
8474134,"Yannick Weber",D,3,1.1283420029644544
8475214,"Jeremy Morin",R,5,1.124187266317421
8469501,"Chris Thorburn",R,4,1.1213272089714206
8471718,"Marc-Andre Cliche",C,4,1.1175341431836596
8467452,"Rob Scuderi",D,4,1.1174037250551163
8459444,"Todd Bertuzzi",R,4,1.1164824802574764
8471817,"Ryan Reaves",R,4,1.115259460219962
8467331,"Brad Stuart",D,4,1.1143152267440466
8469591,"Cody McCormick",C,4,1.1135572478670603
8473453,"Trevor Lewis",C,3,1.0924760069634236
8468504,"Brad Boyes",R,5,1.0897140962198013
8474707,"Philip Larsen",D,3,1.0896415384685327
8473432,"Derek Dorsett",R,4,1.0711580887938896
8471856,"Joe Vitale",C,5,1.0671982840730077
8468484,"Rostislav Klesla",D,1,1.0509925558312656
8475744,"Evgeny Kuznetsov",C,2,1.0472246029898649
8465166,"Craig Adams",R,5,1.0407011928492227
8475754,"Brock Nelson",C,4,1.0392222699439981
8477126,"Jayson Megna",C,3,1.0348362624561482
8470601,"Braydon Coburn",D,5,1.0347265115321325
8475769,"Quinton Howden",C,2,1.0304161132536418
8475218,"Mattias Ekholm",D,4,1.0277578809417218
8471299,"Peter Regin",C,5,1.0230823935104127
8467977,"Brian McGrattan",R,3,1.0185056940959796
8475247,"Michael Latta",C,3,1.016045589576835
8471956,"Andrew Desjardins",C,5,1.0087352205827136
8468498,"Brooks Orpik",D,3,1.0058967640949683
8469770,"Dennis Wideman",D,5,1.005456941452029
8476808,"Brian Flynn",C,5,0.9916102859887266
8471482,"Grant Clitsome",D,3,0.9916053660028809
8474576,"Zach Boychuk",L,3,0.9890659033093505
8470867,"Troy Bodie",R,3,0.982765049972739
8470318,"Jonathan Ericsson",D,3,0.9636405141942597
8475175,"Magnus Paajarvi",L,4,0.9578978099220754
8468101,"Radek Martinek",D,1,0.9570826110317001
8475174,"Jared Cowen",D,4,0.9527484891511508
8474145,"Robert Bortuzzo",D,4,0.9452211734957398
8476473,"Connor Murphy",D,3,0.9384456343197327
8470654,"Maxim Lapierre",C,5,0.9332898715368945
8473991,"Karl Alzner",D,5,0.9290075631107154
8471245,"Dave Bolland",C,3,0.9210113363370404
8471326,"Patrick Bordeleau",L,3,0.920030526014187
8476452,"Tyler Wotherspoon",D,3,0.9141917177987147
8467988,"Ryan Malone",L,6,0.9087129288621474
8474061,"Anthony Peluso",R,2,0.9057159778519459
8470630,"Kevin Klein",D,3,0.9055130376651976
8475640,"Erik Gustafsson",D,2,0.9047925350862926
8466149,"Daniel Cleary",R,3,0.9015300359046315
8475180,"Peter Holland",C,4,0.8954006804680087
8470714,"Corey Potter",D,3,0.8818680305691948
8475314,"Anders Lee",C,2,0.8682425891161362
8475714,"Calle Jarnkrok",C,3,0.866522169199963
8475154,"Carter Ashton",R,2,0.8473223048560955
8469470,"Carlo Colaiacovo",D,3,0.8451068215445441
8477499,"Rasmus Ristolainen",D,2,0.8445336077603963
8471222,"Ladislav Smid",D,2,0.8355859186751817
8475153,"Dylan Olsen",D,4,0.833477489290207
8467831,"Jeff Halpern",C,3,0.8279406779505591
8468513,"Nick Schultz",D,3,0.8160956338286187
8470713,"Paul Bissonnette",L,3,0.8130414602032343
8475160,"Kyle Clifford",L,3,0.8122406453747157
8470662,"Colin Fraser",C,2,0.8112747429047855
8473908,"Kevin Westgarth",R,3,0.8085387690742256
8477289,"Anton Belov",D,2,0.8040883432578223
8474025,"Eric Tangradi",L,2,0.7974858050489699
8475223,"Linden Vey",R,3,0.793939754895459
8475233,"David Savard",D,3,0.7895667038987535
8460626,"Bryce Salvador",D,3,0.7838202990451586
8473700,"Ryan Wilson",D,2,0.7837355088880874
8475761,"Beau Bennett",R,2,0.7836289674391964
8468639,"John-Michael Liles",D,4,0.7792194743776293
8472410,"Stephen Gionta",C,4,0.7786292805868589
8468542,"Paul Martin",D,4,0.7724637309987712
8474568,"Luke Schenn",D,6,0.759573913410756
8465914,"Francis Bouillon",D,2,0.7593192203530434
8471269,"Nicklas Grossmann",D,5,0.7555446577052047
8475567,"Julien Brouillette",D,1,0.753769559032717
8475200,"Dmitry Orlov",D,3,0.7514237998673308
8475716,"Martin Marincin",D,3,0.7426590685122565
8467925,"Adam Hall",R,3,0.7330863736785309
8474013,"Ian Cole",D,2,0.7301174882350702
8473466,"Ryan White",C,2,0.7107825087007809
8467365,"John Erskine",D,2,0.7074025056232063
8475248,"Alexander Urbom",D,1,0.7047619047619047
8465978,"Shawn Thornton",L,2,0.7041608974392565
8468493,"Ron Hainsey",D,3,0.702118219277006
8474736,"Zac Rinaldo",C,2,0.6959320086619992
8471636,"Tim Sestito",L,2,0.6892069307686436
8462041,"Radek Dvorak",R,4,0.688161605977333
8474873,"Brian Lashoff",D,2,0.688101948854546
8474166,"Alec Martinez",D,4,0.6865756167371807
8474683,"Derek Grant",C,2,0.6722736682310939
8475150,"Jordan Caron",R,2,0.6644031351263484
8473504,"Cal Clutterbuck",R,2,0.6506297380660707
8471717,"Adam McQuaid",D,2,0.6424951077832026
8474291,"Jay Beagle",R,2,0.6390774306131165
8470886,"Clayton Stoner",D,2,0.6334351141254949
8471768,"Tom Pyatt",C,2,0.6317789463366699
8474135,"Brett Bellemore",D,2,0.628249221149799
8476457,"Adam Larsson",D,2,0.6260638807054205
8470153,"Pierre-Marc Bouchard",C,2,0.6237787741485585
8475423,"Darren Archibald",R,1,0.6126260504201682
8466182,"Henrik Tallinder",D,2,0.5915849263779849
8475913,"Mark Stone",R,3,0.590775998953942
8475807,"Joakim Nordstrom",C,2,0.5891438016162223
8473989,"Luke Gazdic",L,1,0.5846397852742024
8473646,"Ryan Carter",C,2,0.5835148057648594
8473565,"Brian Strait",D,2,0.5780883785686172
8467336,"Mike Rupp",L,1,0.5686493322917829
8477814,"Kevin Czuczman",D,2,0.5644603458556947
8472394,"Peter Harrold",D,1,0.5634225911689655
8473542,"Tom Sestito",L,1,0.5610038527625695
8473426,"Mike Weber",D,1,0.5494951444902343
8475155,"Simon Despres",D,2,0.5485465244413101
8471296,"Alexei Emelin",D,3,0.5388569166539677
8475208,"Brian Dumoulin",D,1,0.53105
8476410,"Josh Leivo",L,1,0.5207859393694285
8475275,"Patrick Wey",D,1,0.5108445891943734
8470310,"Aaron Rome",D,1,0.5056892053045452
8470317,"Nate Guenin",D,3,0.5007391504523979
8476472,"Oscar Klefbom",D,1,0.49996986810840593
8460492,"Ed Jovanovski",D,1,0.4960505606925044
8476925,"Colton Sissons",C,2,0.4957331983213903
8471385,"Adam Pardy",D,2,0.4918908594576271
8474184,"Keaton Ellerby",D,2,0.4894498450190006
8476482,"Nicklas Jensen",R,3,0.48925210995856966
8471323,"Ryan Jones",L,2,0.48565675910620254
8471851,"Matt D'Agostini",R,2,0.4743380589484998
8473942,"Trevor Smith",C,3,0.47338842692019906
8475690,"Christopher Tanev",D,2,0.46782789979431044
8475770,"Emerson Etem",L,2,0.4661343807559187
8474606,"Colby Robak",D,1,0.466110853790335
8465185,"Willie Mitchell",D,2,0.46358215791337437
8468745,"Jean-Philippe Cote",D,1,0.46253485834377406
8475118,"Matt Gilroy",D,1,0.4593892967336951
8475728,"Johan Larsson",L,2,0.45644666529780226
8475758,"Devante Smith-Pelly",R,2,0.4554853748402134
8471733,"Rich Clune",L,3,0.4510327903417586
8471996,"Bracken Kearns",L,2,0.44787711075920694
8467428,"Krys Barch",R,2,0.4458645973956207
8474646,"Brandon McMillan",L,1,0.443160670313147
8475147,"Jordan Schroeder",C,1,0.44044064962980656
8475808,"Michael Chaput",C,1,0.44031913292187264
8475283,"Lane MacDermid",L,1,0.4382248301991406
8473514,"Jesse Joensuu",L,1,0.4382248301991406
8471241,"Mark Fistric",D,3,0.4358529741367033
8471840,"Brett Sutter",L,1,0.43491160683508145
8470232,"Kris Newbury",C,1,0.4323254139668826
8473682,"Andrew Ebbett",C,1,0.43218988322211627
8475733,"Max Reinhart",C,1,0.42942327198956665
8473911,"Steven Pinizzotto",R,1,0.42048612731017104
8474674,"James Wright",C,1,0.4204059652029827
8460720,"Eric Boulton",L,1,0.414082027812005
8470180,"Eric Nystrom",L,1,0.4136760747138775
8471719,"Matt Kassian",L,1,0.4104272100925917
8464981,"Cory Sarich",D,1,0.40599381283836045
8475321,"Philip Varone",C,1,0.40367440225035156
8476179,"Will Acton",C,1,0.40277853003303915
8476205,"Stephane Da Costa",C,1,0.4023807472502226
8476887,"Filip Forsberg",C,1,0.40144762920293475
8476975,"Cedric Paquette",C,1,0.398791425965339
8473558,"Cory Emmerton",C,1,0.3902849834270069
8469457,"Stephen Weiss",C,1,0.38996693921902575
8470699,"Jan Hejda",D,2,0.38736463400426524
8477244,"Chad Ruhwedel",D,1,0.38075313807531386
8474164,"Jonathon Blum",D,1,0.3760858827972922
8476483,"Rickard Rakell",C,3,0.3725672937834547
8474884,"Mike Hoffman",L,2,0.37046235873905936
8476470,"Nathan Beaulieu",D,1,0.3702717007762879
8471748,"Mark Fraser",D,1,0.36890665744239254
8474519,"Jack Hillen",D,1,0.36888626398926905
8467338,"Alex Tanguay",L,1,0.358403539707419
8477666,"Simon Moser",C,1,0.35715107149965714
8469476,"Tim Gleason",D,1,0.34673962957293747
8475775,"Tye McGinn",L,1,0.3376450484819583
8475309,"Jerry D'Amigo",R,1,0.3367630008159058
8476888,"Mikhail Grigorenko",C,1,0.33472803347280333
8468485,"Raffi Torres",L,1,0.3334063900253264
8468478,"Mike Weaver",D,2,0.31969827840989007
8467917,"Jordan Leopold",D,3,0.31428424985483805
8476440,"Markus Granlund",C,1,0.30925572519083966
8468598,"Lubomir Visnovsky",D,2,0.30800684670977574
8477220,"Nate Schmidt",D,1,0.28544453186467356
8470121,"Matt Greene",D,3,0.2840940156669465
8476389,"Vincent Trocheck",C,1,0.25850168350168345
8475845,"Justin Florek",L,1,0.2575176886792453
8471371,"Mike Brown",R,2,0.2549437355095804
8475287,"Erik Haula",C,3,0.2453129134150117
8477850,"Christian Folin",D,1,0.24266308260932176
8469820,"Zenon Konopka",C,1,0.22266950562246324
8470018,"Matt Ellis",L,2,0.2135488596916875
8470839,"Shane O'Brien",D,1,0.2112745908414614
8475161,"Chris Brown",C,1,0.20980077424228138
8475648,"Chris Breen",D,1,0.20487153820487158
8470685,"Alexander Sulzer",D,1,0.20317460317460312
8473468,"Eric Gryba",D,2,0.20146886016451238
8468611,"Matt Hendricks",L,1,0.2014677215915605
8470156,"Joey Crabb",R,1,0.20076823306395278
8476871,"Tanner Pearson",L,2,0.19597577092791174
8474579,"Luca Sbisa",D,1,0.19441429939355248
8467881,"Taylor Pyatt",L,1,0.161222006075532
8471220,"Rostislav Olesz",L,1,0.15029188920630976
8475844,"Kenny Agostino",L,1,0.14686716791979948
8476436,"Dmitrij Jaskin",R,1,0.14058308974064213
8474616,"Patrice Cormier",C,1,0.13411703239289446
8476191,"Kevan Miller",D,2,0.12624868020727698
8471331,"Kevin Porter",C,1,0.1260752234778209
8474774,"Dalton Prout",D,1,0.11339612768184192
8469460,"Mike Komisarek",D,1,0.1115613553113554
8474052,"Chris Terry",L,1,0.09818181818181823
8474660,"David Warsofsky",D,1,0.0976502898992982
8474098,"Colton Sceviour",C,1,0.08699654775604143
8475165,"Anton Lander",C,1,0.08628920176445688
8475917,"Jason Akeson",R,1,0.08429027113237643
8475755,"Alex Petrovic",D,1,0.08359133126934984
8470280,"Ben Eager",L,1,0.08325199645075423
8470647,"B.J. Crombeen",R,2,0.07228253003329005
8471729,"Kris Russell",D,11,0.06805192694225146
8474130,"Corey Tropp",R,4,0.0634883750570644
8473562,"John McCarthy",L,1,0.04819277108433736
8475796,"Mark Pysyk",D,1,0.02812499999999991
8471490,"Adam Cracknell",R,1,0
8474743,"Zach Redmond",D,1,-0.0016666666666665247
